Date,Meal,Calories,Fat (g),Saturated Fat,Polyunsaturated Fat,Monounsaturated Fat,Trans Fat,Cholesterol,Sodium (mg),Potassium,Carbohydrates (g),Fiber,Sugar,Protein (g),Vitamin A,Vitamin C,Calcium,Iron,Note,
5/1/2019,Preworkout/Workout,122.1,1.7,0.2,0.2,0.2,0,21.6,64.1,96.3,17.5,1.3,6.6,12.5,11.5,0,8.5,17.3,,
5/1/2019,Breakfast,200.5,5.5,0.1,3,1,0,13.5,260.3,262.4,11.2,6,2.4,26.8,90.5,70,22.7,15.3,,
5/1/2019,Lunch,191.5,8.3,2.5,0,0,0,80,126,329,6.3,2.2,1.7,24.7,87,36,10.9,18.9,,
5/1/2019,Snack (1),706.9,22.6,12,0,0,0,50,1013.7,167.4,99.6,10.7,40.1,28.7,66.3,44,25,13.5,,
5/1/2019,Dinner,586.4,28.9,15,0.2,0,0,240,1020,369,14.6,7.4,8.9,63.1,91.8,183,80.6,20.9,,
5/2/2019,Preworkout/Workout,132.4,1.8,0.4,0.3,0.3,0,21.6,32.4,51.9,17.6,1.2,8.5,12.3,0.9,0,4.3,3.4,,
5/2/2019,Breakfast,184.3,5.3,0.1,3,1,0,8.1,252.2,249.5,10.3,6,1.8,24.1,90.3,70,21.6,15.2,,
5/2/2019,Lunch,448,11.3,0.8,2.2,0,0,89,2519,88.2,38.8,5,26.9,46.6,160.8,32.2,7,13.8,,
5/2/2019,Snack (1),180,4,2,0,0,0,20,720,220,10,0,8,26,0,0,20,0,,
5/2/2019,Dinner,468.8,30.3,14.3,1.8,6.3,0.6,318.1,315.5,163.1,2.4,0,0.4,47,168.7,4,503.4,15.1,,
5/2/2019,Snack (2),120.4,0,0,0,0,0,0,8.9,141.6,1.4,0,0,0.2,0,0,1.6,3.1,,
5/6/2019,Breakfast,300,6,0.3,3,1,0,25,302.5,275,30.5,6,22,32.5,91,270,25,15.5,,
5/6/2019,Lunch,334,11.5,2.5,0,0,0,80,88.5,350,14.8,3.7,6.7,43.7,57,371,7.4,23.4,,
5/6/2019,Snack (1),642.5,17.1,8.5,0,0,0,80,1092.5,599,74.5,3.5,45.5,42,121,115,50.5,27.5,,
5/6/2019,Dinner,301,15.5,7.4,0.2,0,0,42.5,968,340,23.6,6.8,14.6,18.1,0,48,6,24.8,,
5/6/2019,Snack (2),490,26.7,11.1,0.4,2.3,0.3,46,782.4,240.2,23.4,1,15,38.5,80.6,0,271.2,2,,
5/7/2019,Preworkout/Workout,142.4,1.8,0.4,0.3,0.3,0,21.6,132.4,51.9,19.6,1.2,8.5,16.3,0.9,0,4.3,3.4,https://mennohenselmans.com/how-stick-diet/,
* Consistency is the best predictor of weight loss (11min),,,,,,,,,,,,,,,,,,,,
* build habits and lifestyle changes,,,,,,,,,,,,,,,,,,,,
,,,,,,,,,,,,,,,,,,,,
Is it worth it?,,,,,,,,,,,,,,,,,,,,
,,,,,,,,,,,,,,,,,,,,
One thought:,,,,,,,,,,,,,,,,,,,,
* Exchanging food for leanness (35min),,,,,,,,,,,,,,,,,,,,
   - this is not a long term view and is not sustainable.,,,,,,,,,,,,,,,,,,,,
  - until you are at the extreme point of BF, this is not the long term view,,,,,,,,,,,,,,,,,,,
* Instead of reducing quantity of food (highly caloric), add more nutrient dense,,,,,,,,,,,,,,,,,,,
,,,,,,,,,,,,,,,,,,,,
Example: whole eggs might be fine at some bodyfat, but then at some point may need to swtich out for a bit. (37min),,,,,,,,,,,,,,,,,,,
,,,,,,,,,,,,,,,,,,,,
Female BodyFat Range:,,,,,,,,,,,,,,,,,,,,
* metabolism is more resistant, so can go up to 30% and be healthy.,,,,,,,,,,,,,,,,,,,
* more of a conscious choice.,,,,,,,,,,,,,,,,,,,,
,,,,,,,,,,,,,,,,,,,,
5/7/2019,Breakfast,305.7,6,0.3,3,1,0,25,282.5,275,29.6,9.4,12,33.6,131,467.1,27.3,17.8,https://mennohenselmans.com/how-stick-diet/,
* Consistency is the best predictor of weight loss (11min),,,,,,,,,,,,,,,,,,,,
* build habits and lifestyle changes,,,,,,,,,,,,,,,,,,,,
,,,,,,,,,,,,,,,,,,,,
Is it worth it?,,,,,,,,,,,,,,,,,,,,
,,,,,,,,,,,,,,,,,,,,
One thought:,,,,,,,,,,,,,,,,,,,,
* Exchanging food for leanness (35min),,,,,,,,,,,,,,,,,,,,
   - this is not a long term view and is not sustainable.,,,,,,,,,,,,,,,,,,,,
  - until you are at the extreme point of BF, this is not the long term view,,,,,,,,,,,,,,,,,,,
* Instead of reducing quantity of food (highly caloric), add more nutrient dense,,,,,,,,,,,,,,,,,,,
,,,,,,,,,,,,,,,,,,,,
Example: whole eggs might be fine at some bodyfat, but then at some point may need to swtich out for a bit. (37min),,,,,,,,,,,,,,,,,,,
,,,,,,,,,,,,,,,,,,,,
Female BodyFat Range:,,,,,,,,,,,,,,,,,,,,
* metabolism is more resistant, so can go up to 30% and be healthy.,,,,,,,,,,,,,,,,,,,
* more of a conscious choice.,,,,,,,,,,,,,,,,,,,,
,,,,,,,,,,,,,,,,,,,,
5/7/2019,Lunch,323.9,14.3,4.1,1,1.8,0,271,665.4,204,7.9,0.9,1.1,41.2,82,22.7,33.7,14.6,https://mennohenselmans.com/how-stick-diet/,
* Consistency is the best predictor of weight loss (11min),,,,,,,,,,,,,,,,,,,,
* build habits and lifestyle changes,,,,,,,,,,,,,,,,,,,,
,,,,,,,,,,,,,,,,,,,,
Is it worth it?,,,,,,,,,,,,,,,,,,,,
,,,,,,,,,,,,,,,,,,,,
One thought:,,,,,,,,,,,,,,,,,,,,
* Exchanging food for leanness (35min),,,,,,,,,,,,,,,,,,,,
   - this is not a long term view and is not sustainable.,,,,,,,,,,,,,,,,,,,,
  - until you are at the extreme point of BF, this is not the long term view,,,,,,,,,,,,,,,,,,,
* Instead of reducing quantity of food (highly caloric), add more nutrient dense,,,,,,,,,,,,,,,,,,,
,,,,,,,,,,,,,,,,,,,,
Example: whole eggs might be fine at some bodyfat, but then at some point may need to swtich out for a bit. (37min),,,,,,,,,,,,,,,,,,,
,,,,,,,,,,,,,,,,,,,,
Female BodyFat Range:,,,,,,,,,,,,,,,,,,,,
* metabolism is more resistant, so can go up to 30% and be healthy.,,,,,,,,,,,,,,,,,,,
* more of a conscious choice.,,,,,,,,,,,,,,,,,,,,
,,,,,,,,,,,,,,,,,,,,
5/7/2019,Snack (1),210,9,1.5,0,0,0,10,0,0,20,4,10,14,0,2,0,10,https://mennohenselmans.com/how-stick-diet/,
* Consistency is the best predictor of weight loss (11min),,,,,,,,,,,,,,,,,,,,
* build habits and lifestyle changes,,,,,,,,,,,,,,,,,,,,
,,,,,,,,,,,,,,,,,,,,
Is it worth it?,,,,,,,,,,,,,,,,,,,,
,,,,,,,,,,,,,,,,,,,,
One thought:,,,,,,,,,,,,,,,,,,,,
* Exchanging food for leanness (35min),,,,,,,,,,,,,,,,,,,,
   - this is not a long term view and is not sustainable.,,,,,,,,,,,,,,,,,,,,
  - until you are at the extreme point of BF, this is not the long term view,,,,,,,,,,,,,,,,,,,
* Instead of reducing quantity of food (highly caloric), add more nutrient dense,,,,,,,,,,,,,,,,,,,
,,,,,,,,,,,,,,,,,,,,
Example: whole eggs might be fine at some bodyfat, but then at some point may need to swtich out for a bit. (37min),,,,,,,,,,,,,,,,,,,
,,,,,,,,,,,,,,,,,,,,
Female BodyFat Range:,,,,,,,,,,,,,,,,,,,,
* metabolism is more resistant, so can go up to 30% and be healthy.,,,,,,,,,,,,,,,,,,,
* more of a conscious choice.,,,,,,,,,,,,,,,,,,,,
,,,,,,,,,,,,,,,,,,,,
5/7/2019,Dinner,55,0,0,0,0,0,10,10,32.5,0,0,1,13,0,0,31,0.5,https://mennohenselmans.com/how-stick-diet/,
* Consistency is the best predictor of weight loss (11min),,,,,,,,,,,,,,,,,,,,
* build habits and lifestyle changes,,,,,,,,,,,,,,,,,,,,
,,,,,,,,,,,,,,,,,,,,
Is it worth it?,,,,,,,,,,,,,,,,,,,,
,,,,,,,,,,,,,,,,,,,,
One thought:,,,,,,,,,,,,,,,,,,,,
* Exchanging food for leanness (35min),,,,,,,,,,,,,,,,,,,,
   - this is not a long term view and is not sustainable.,,,,,,,,,,,,,,,,,,,,
  - until you are at the extreme point of BF, this is not the long term view,,,,,,,,,,,,,,,,,,,
* Instead of reducing quantity of food (highly caloric), add more nutrient dense,,,,,,,,,,,,,,,,,,,
,,,,,,,,,,,,,,,,,,,,
Example: whole eggs might be fine at some bodyfat, but then at some point may need to swtich out for a bit. (37min),,,,,,,,,,,,,,,,,,,
,,,,,,,,,,,,,,,,,,,,
Female BodyFat Range:,,,,,,,,,,,,,,,,,,,,
* metabolism is more resistant, so can go up to 30% and be healthy.,,,,,,,,,,,,,,,,,,,
* more of a conscious choice.,,,,,,,,,,,,,,,,,,,,
,,,,,,,,,,,,,,,,,,,,
5/7/2019,Snack (2),453.1,30,13.7,4.9,8.2,0.6,59.9,210.4,46.4,28.9,8,10,23.4,189.5,0,581.2,12.1,https://mennohenselmans.com/how-stick-diet/,
* Consistency is the best predictor of weight loss (11min),,,,,,,,,,,,,,,,,,,,
* build habits and lifestyle changes,,,,,,,,,,,,,,,,,,,,
,,,,,,,,,,,,,,,,,,,,
Is it worth it?,,,,,,,,,,,,,,,,,,,,
,,,,,,,,,,,,,,,,,,,,
One thought:,,,,,,,,,,,,,,,,,,,,
* Exchanging food for leanness (35min),,,,,,,,,,,,,,,,,,,,
   - this is not a long term view and is not sustainable.,,,,,,,,,,,,,,,,,,,,
  - until you are at the extreme point of BF, this is not the long term view,,,,,,,,,,,,,,,,,,,
* Instead of reducing quantity of food (highly caloric), add more nutrient dense,,,,,,,,,,,,,,,,,,,
,,,,,,,,,,,,,,,,,,,,
Example: whole eggs might be fine at some bodyfat, but then at some point may need to swtich out for a bit. (37min),,,,,,,,,,,,,,,,,,,
,,,,,,,,,,,,,,,,,,,,
Female BodyFat Range:,,,,,,,,,,,,,,,,,,,,
* metabolism is more resistant, so can go up to 30% and be healthy.,,,,,,,,,,,,,,,,,,,
* more of a conscious choice.,,,,,,,,,,,,,,,,,,,,
,,,,,,,,,,,,,,,,,,,,
5/8/2019,Preworkout/Workout,77.5,0.9,0.2,0.3,0.3,0,0,100,0,16.1,1.2,6.3,5.5,0,0,0,3,Weekly Compliance:,
----------- M | T | W | Th | F | S | S,,,,,,,,,,,,,,,,,,,,
Protein-- x |  x |   ,,,,,,,,,,,,,,,,,,,,
Calories- 0 | x |,,,,,,,,,,,,,,,,,,,,
5/8/2019,Breakfast,270.6,5.9,0.2,3,1,0,21.6,272.4,281.9,21.6,9.4,3.2,31.9,130.9,367.1,26.6,17.7,Weekly Compliance:,
----------- M | T | W | Th | F | S | S,,,,,,,,,,,,,,,,,,,,
Protein-- x |  x |   ,,,,,,,,,,,,,,,,,,,,
Calories- 0 | x |,,,,,,,,,,,,,,,,,,,,
5/8/2019,Lunch,271.1,7.3,2.5,0,0,0,35,535,310,14,1.6,9.7,39.5,192,222,41.4,111,Weekly Compliance:,
----------- M | T | W | Th | F | S | S,,,,,,,,,,,,,,,,,,,,
Protein-- x |  x |   ,,,,,,,,,,,,,,,,,,,,
Calories- 0 | x |,,,,,,,,,,,,,,,,,,,,
5/8/2019,Snack (1),245,9,1.5,0,0,0,10,0,170,26,6,13,16,20,92,4,20,Weekly Compliance:,
----------- M | T | W | Th | F | S | S,,,,,,,,,,,,,,,,,,,,
Protein-- x |  x |   ,,,,,,,,,,,,,,,,,,,,
Calories- 0 | x |,,,,,,,,,,,,,,,,,,,,
5/8/2019,Dinner,540,21,4.5,2,13,0,190,1270,0,60,8,7,30,0,0,0,0,Weekly Compliance:,
----------- M | T | W | Th | F | S | S,,,,,,,,,,,,,,,,,,,,
Protein-- x |  x |   ,,,,,,,,,,,,,,,,,,,,
Calories- 0 | x |,,,,,,,,,,,,,,,,,,,,
5/8/2019,Snack (2),405,21,5,0,0,0,10,380,32.5,34,3,7,20,0,4,33,2.5,Weekly Compliance:,
----------- M | T | W | Th | F | S | S,,,,,,,,,,,,,,,,,,,,
Protein-- x |  x |   ,,,,,,,,,,,,,,,,,,,,
Calories- 0 | x |,,,,,,,,,,,,,,,,,,,,
5/9/2019,Preworkout/Workout,150.5,1.9,0.4,0.3,0.3,0,24.3,136.5,58.4,20,1.2,8.7,17.7,1,0,4.9,3.5,,
5/9/2019,Breakfast,270.6,5.9,0.2,3,1,0,21.6,272.4,281.9,21.6,9.4,3.2,31.9,130.9,367.1,26.6,17.7,,
5/9/2019,Lunch,343.9,15.8,4.9,1,1.8,0,256,667.9,219,7.4,0.9,1.1,42.7,81,20.7,32.7,14.6,,
5/9/2019,Snack (1),632,28.1,16.5,0.7,0.1,0,25,896.2,525.7,79.3,25.8,37,17.3,0.8,105.7,17.1,43.7,,
5/9/2019,Dinner,420,15.3,4.7,0,0,0,58.5,322,784.5,37.6,5.3,25,33.3,2,17.6,4,9.2,,
5/10/2019,Breakfast,210,4.8,1.1,0.8,1.2,0,50,207,120,14,0.8,5.8,27,2,0,10,2.6,,
5/10/2019,Lunch,424,11.2,0.8,2.2,0,0,80,2509,88.2,38.8,5,26.9,41,160.8,32.2,7,13.8,,
5/10/2019,Snack (1),285,14,7.5,0,0,0,50,485,0,22,1,11,11,20,0,32,4,,
5/10/2019,Dinner,191,4,0,0,0,0,0,90,0,9.8,1,3,2,0,0,0.5,2,,
5/10/2019,Snack (2),210,9,1.5,0,0,0,10,0,0,20,4,10,14,0,2,0,10,,
5/13/2019,Preworkout/Workout,140.5,1.9,0.4,0.3,0.3,0,24.3,36.5,58.4,18,1.2,8.7,13.7,1,0,4.9,3.5,**Week 1 of Focused Dieting, Phase 3**
,,,,,,,,,,,,,,,,,,,,
20 mins low intensity cardio after lifting.,,,,,,,,,,,,,,,,,,,,
Another couple of days perhaps 30-40 mins (only if you have good recovery). ,,,,,,,,,,,,,,,,,,,,
More isn't better unless you want to overtrain, lose LBM, and slow down fat loss results. (p44),,,,,,,,,,,,,,,,,,
,,,,,,,,,,,,,,,,,,,,
Free Meal:,,,,,,,,,,,,,,,,,,,,
- Single Meal that breaks your diet. A normal meal where you're not supremely obsessed wit hthe content (p68),,,,,,,,,,,,,,,,,,,,
,,,,,,,,,,,,,,,,,,,,
Refeed:,,,,,,,,,,,,,,,,,,,,
5 hour refeed once per week. 1.5 - 3 g of carb per LBM,,,,,,,,,,,,,,,,,,,,
177g to 354g of carbs in 5 hours ( 575 - 1400 calories).,,,,,,,,,,,,,,,,,,,,
If you're weight training, hit the 3 grams per LBM pound for refeed.,,,,,,,,,,,,,,,,,,,
,,,,,,,,,,,,,,,,,,,,
A 5 - 10 pound gain is not uncommon.,,,,,,,,,,,,,,,,,,,,
,,,,,,,,,,,,,,,,,,,,
Putting it all together: (p72),,,,,,,,,,,,,,,,,,,,
Full Diet Break: 2-6 weeks,,,,,,,,,,,,,,,,,,,,
Free Meals: 1 per week,,,,,,,,,,,,,,,,,,,,
Refeed: 5 hours once/week,,,,,,,,,,,,,,,,,,,,
5/13/2019,Breakfast,193.9,5.4,2.7,0.1,0.5,0,30,308.4,103.3,3.4,0.3,4.9,35.2,13.3,6.7,5,5,**Week 1 of Focused Dieting, Phase 3**
,,,,,,,,,,,,,,,,,,,,
20 mins low intensity cardio after lifting.,,,,,,,,,,,,,,,,,,,,
Another couple of days perhaps 30-40 mins (only if you have good recovery). ,,,,,,,,,,,,,,,,,,,,
More isn't better unless you want to overtrain, lose LBM, and slow down fat loss results. (p44),,,,,,,,,,,,,,,,,,
,,,,,,,,,,,,,,,,,,,,
Free Meal:,,,,,,,,,,,,,,,,,,,,
- Single Meal that breaks your diet. A normal meal where you're not supremely obsessed wit hthe content (p68),,,,,,,,,,,,,,,,,,,,
,,,,,,,,,,,,,,,,,,,,
Refeed:,,,,,,,,,,,,,,,,,,,,
5 hour refeed once per week. 1.5 - 3 g of carb per LBM,,,,,,,,,,,,,,,,,,,,
177g to 354g of carbs in 5 hours ( 575 - 1400 calories).,,,,,,,,,,,,,,,,,,,,
If you're weight training, hit the 3 grams per LBM pound for refeed.,,,,,,,,,,,,,,,,,,,
,,,,,,,,,,,,,,,,,,,,
A 5 - 10 pound gain is not uncommon.,,,,,,,,,,,,,,,,,,,,
,,,,,,,,,,,,,,,,,,,,
Putting it all together: (p72),,,,,,,,,,,,,,,,,,,,
Full Diet Break: 2-6 weeks,,,,,,,,,,,,,,,,,,,,
Free Meals: 1 per week,,,,,,,,,,,,,,,,,,,,
Refeed: 5 hours once/week,,,,,,,,,,,,,,,,,,,,
5/13/2019,Lunch,301,10.2,2,0,0,0,100,713,217.5,15.9,3.9,2.8,32.8,37,267,39,29.5,**Week 1 of Focused Dieting, Phase 3**
,,,,,,,,,,,,,,,,,,,,
20 mins low intensity cardio after lifting.,,,,,,,,,,,,,,,,,,,,
Another couple of days perhaps 30-40 mins (only if you have good recovery). ,,,,,,,,,,,,,,,,,,,,
More isn't better unless you want to overtrain, lose LBM, and slow down fat loss results. (p44),,,,,,,,,,,,,,,,,,
,,,,,,,,,,,,,,,,,,,,
Free Meal:,,,,,,,,,,,,,,,,,,,,
- Single Meal that breaks your diet. A normal meal where you're not supremely obsessed wit hthe content (p68),,,,,,,,,,,,,,,,,,,,
,,,,,,,,,,,,,,,,,,,,
Refeed:,,,,,,,,,,,,,,,,,,,,
5 hour refeed once per week. 1.5 - 3 g of carb per LBM,,,,,,,,,,,,,,,,,,,,
177g to 354g of carbs in 5 hours ( 575 - 1400 calories).,,,,,,,,,,,,,,,,,,,,
If you're weight training, hit the 3 grams per LBM pound for refeed.,,,,,,,,,,,,,,,,,,,
,,,,,,,,,,,,,,,,,,,,
A 5 - 10 pound gain is not uncommon.,,,,,,,,,,,,,,,,,,,,
,,,,,,,,,,,,,,,,,,,,
Putting it all together: (p72),,,,,,,,,,,,,,,,,,,,
Full Diet Break: 2-6 weeks,,,,,,,,,,,,,,,,,,,,
Free Meals: 1 per week,,,,,,,,,,,,,,,,,,,,
Refeed: 5 hours once/week,,,,,,,,,,,,,,,,,,,,
5/13/2019,Dinner,351.3,17.1,5.5,1.1,3.2,0,277.4,1304.4,439.1,8.7,1.9,3.3,42.4,224.1,10.4,73.1,11.2,**Week 1 of Focused Dieting, Phase 3**
,,,,,,,,,,,,,,,,,,,,
20 mins low intensity cardio after lifting.,,,,,,,,,,,,,,,,,,,,
Another couple of days perhaps 30-40 mins (only if you have good recovery). ,,,,,,,,,,,,,,,,,,,,
More isn't better unless you want to overtrain, lose LBM, and slow down fat loss results. (p44),,,,,,,,,,,,,,,,,,
,,,,,,,,,,,,,,,,,,,,
Free Meal:,,,,,,,,,,,,,,,,,,,,
- Single Meal that breaks your diet. A normal meal where you're not supremely obsessed wit hthe content (p68),,,,,,,,,,,,,,,,,,,,
,,,,,,,,,,,,,,,,,,,,
Refeed:,,,,,,,,,,,,,,,,,,,,
5 hour refeed once per week. 1.5 - 3 g of carb per LBM,,,,,,,,,,,,,,,,,,,,
177g to 354g of carbs in 5 hours ( 575 - 1400 calories).,,,,,,,,,,,,,,,,,,,,
If you're weight training, hit the 3 grams per LBM pound for refeed.,,,,,,,,,,,,,,,,,,,
,,,,,,,,,,,,,,,,,,,,
A 5 - 10 pound gain is not uncommon.,,,,,,,,,,,,,,,,,,,,
,,,,,,,,,,,,,,,,,,,,
Putting it all together: (p72),,,,,,,,,,,,,,,,,,,,
Full Diet Break: 2-6 weeks,,,,,,,,,,,,,,,,,,,,
Free Meals: 1 per week,,,,,,,,,,,,,,,,,,,,
Refeed: 5 hours once/week,,,,,,,,,,,,,,,,,,,,
5/13/2019,Snack (2),73.3,0,0,0,0,0,13.3,13.3,43.3,0,0,1.3,17.3,0,0,41.3,0.7,**Week 1 of Focused Dieting, Phase 3**
,,,,,,,,,,,,,,,,,,,,
20 mins low intensity cardio after lifting.,,,,,,,,,,,,,,,,,,,,
Another couple of days perhaps 30-40 mins (only if you have good recovery). ,,,,,,,,,,,,,,,,,,,,
More isn't better unless you want to overtrain, lose LBM, and slow down fat loss results. (p44),,,,,,,,,,,,,,,,,,
,,,,,,,,,,,,,,,,,,,,
Free Meal:,,,,,,,,,,,,,,,,,,,,
- Single Meal that breaks your diet. A normal meal where you're not supremely obsessed wit hthe content (p68),,,,,,,,,,,,,,,,,,,,
,,,,,,,,,,,,,,,,,,,,
Refeed:,,,,,,,,,,,,,,,,,,,,
5 hour refeed once per week. 1.5 - 3 g of carb per LBM,,,,,,,,,,,,,,,,,,,,
177g to 354g of carbs in 5 hours ( 575 - 1400 calories).,,,,,,,,,,,,,,,,,,,,
If you're weight training, hit the 3 grams per LBM pound for refeed.,,,,,,,,,,,,,,,,,,,
,,,,,,,,,,,,,,,,,,,,
A 5 - 10 pound gain is not uncommon.,,,,,,,,,,,,,,,,,,,,
,,,,,,,,,,,,,,,,,,,,
Putting it all together: (p72),,,,,,,,,,,,,,,,,,,,
Full Diet Break: 2-6 weeks,,,,,,,,,,,,,,,,,,,,
Free Meals: 1 per week,,,,,,,,,,,,,,,,,,,,
Refeed: 5 hours once/week,,,,,,,,,,,,,,,,,,,,
5/14/2019,Preworkout/Workout,80,9,2,4,2,0,30,0,0,0,0,0,0,0,0,0,0,Previous Weight Low: 177.4.,
Depending on Weigh in on Wednesday, Cardio ,,,,,,,,,,,,,,,,,,,
5/14/2019,Breakfast,75,3,1,0,0,0,34,390,0,0,0,0,10,0,0,7,10,Previous Weight Low: 177.4.,
Depending on Weigh in on Wednesday, Cardio ,,,,,,,,,,,,,,,,,,,
5/14/2019,Lunch,343.9,15.8,4.9,1,1.8,0,256,667.9,219,7.4,0.9,1.1,42.7,156.4,220.7,27.5,118.6,Previous Weight Low: 177.4.,
Depending on Weigh in on Wednesday, Cardio ,,,,,,,,,,,,,,,,,,,
5/14/2019,Snack (1),200,14,4,0,0,0,0,10,0,13,1,7,5,0,0,2,2,Previous Weight Low: 177.4.,
Depending on Weigh in on Wednesday, Cardio ,,,,,,,,,,,,,,,,,,,
5/14/2019,Dinner,157.8,3.4,0,0.1,0,0,128,495.4,334.8,2.2,1.3,0.3,27.3,112.5,28.1,9.1,9,Previous Weight Low: 177.4.,
Depending on Weigh in on Wednesday, Cardio ,,,,,,,,,,,,,,,,,,,
5/14/2019,Snack (2),530,18,3,0,0,0,40,20,65,40,8,20,54,0,4,62,21,Previous Weight Low: 177.4.,
Depending on Weigh in on Wednesday, Cardio ,,,,,,,,,,,,,,,,,,,
5/15/2019,Preworkout/Workout,0,0,0,0,0,0,0,0,0,0,0,0,0,0,0,0,0,Previous Weight Low: 180.4.,
If Weight Less than PL:,,,,,,,,,,,,,,,,,,,,
__X_ Steady State Zone 2 Cardio,,,,,,,,,,,,,,,,,,,,
If Weight > PL:,,,,,,,,,,,,,,,,,,,,
 ____Tempo Intervals,,,,,,,,,,,,,,,,,,,,
,,,,,,,,,,,,,,,,,,,,
Your goal is to beat that weekly low the following week. Typically this new weekly low will be on Thursday or Friday. The goal is to equal or get close to equal of your previous weekly low by Wednesday.,,,,,,,,,,,,,,,,,,,,
,,,,,,,,,,,,,,,,,,,,
By Wednesday, your body should be depleted of glycogen due to Monday and Tuesday's calorie burning cardio sessions. If Wednesday's weight is substantially more than the previous week's weekly low, then a few things could be happening:,,,,,,,,,,,,,,,,,,
___ Monday and Tuesday's workouts didn't deplete all the muscle glycogen.,,,,,,,,,,,,,,,,,,,,
___ You have possibly gained a bit of body fat.,,,,,,,,,,,,,,,,,,,,
___ You may have gained a bit of muscle.,,,,,,,,,,,,,,,,,,,,
,,,,,,,,,,,,,,,,,,,,
The majority of the time, it is simply a matter of having a bit of glycogen left in the system. I would recommend a similar glycogen depletion workout like Monday and Tuesday's workout. Even if it is body fat, it makes sense to add in a rough max-calorie burning session.,,,,,,,,,,,,,,,,,,
5/15/2019,Breakfast,190,7,2,0,0,0,5,210,105,22,15,2,21,0,2,10,2,Previous Weight Low: 180.4.,
If Weight Less than PL:,,,,,,,,,,,,,,,,,,,,
__X_ Steady State Zone 2 Cardio,,,,,,,,,,,,,,,,,,,,
If Weight > PL:,,,,,,,,,,,,,,,,,,,,
 ____Tempo Intervals,,,,,,,,,,,,,,,,,,,,
,,,,,,,,,,,,,,,,,,,,
Your goal is to beat that weekly low the following week. Typically this new weekly low will be on Thursday or Friday. The goal is to equal or get close to equal of your previous weekly low by Wednesday.,,,,,,,,,,,,,,,,,,,,
,,,,,,,,,,,,,,,,,,,,
By Wednesday, your body should be depleted of glycogen due to Monday and Tuesday's calorie burning cardio sessions. If Wednesday's weight is substantially more than the previous week's weekly low, then a few things could be happening:,,,,,,,,,,,,,,,,,,
___ Monday and Tuesday's workouts didn't deplete all the muscle glycogen.,,,,,,,,,,,,,,,,,,,,
___ You have possibly gained a bit of body fat.,,,,,,,,,,,,,,,,,,,,
___ You may have gained a bit of muscle.,,,,,,,,,,,,,,,,,,,,
,,,,,,,,,,,,,,,,,,,,
The majority of the time, it is simply a matter of having a bit of glycogen left in the system. I would recommend a similar glycogen depletion workout like Monday and Tuesday's workout. Even if it is body fat, it makes sense to add in a rough max-calorie burning session.,,,,,,,,,,,,,,,,,,
5/15/2019,Lunch,235.5,7.9,3.7,0.1,0.5,0,35,451.8,206.7,5.4,0.7,6.5,37.8,26.7,13.3,14,7,Previous Weight Low: 180.4.,
If Weight Less than PL:,,,,,,,,,,,,,,,,,,,,
__X_ Steady State Zone 2 Cardio,,,,,,,,,,,,,,,,,,,,
If Weight > PL:,,,,,,,,,,,,,,,,,,,,
 ____Tempo Intervals,,,,,,,,,,,,,,,,,,,,
,,,,,,,,,,,,,,,,,,,,
Your goal is to beat that weekly low the following week. Typically this new weekly low will be on Thursday or Friday. The goal is to equal or get close to equal of your previous weekly low by Wednesday.,,,,,,,,,,,,,,,,,,,,
,,,,,,,,,,,,,,,,,,,,
By Wednesday, your body should be depleted of glycogen due to Monday and Tuesday's calorie burning cardio sessions. If Wednesday's weight is substantially more than the previous week's weekly low, then a few things could be happening:,,,,,,,,,,,,,,,,,,
___ Monday and Tuesday's workouts didn't deplete all the muscle glycogen.,,,,,,,,,,,,,,,,,,,,
___ You have possibly gained a bit of body fat.,,,,,,,,,,,,,,,,,,,,
___ You may have gained a bit of muscle.,,,,,,,,,,,,,,,,,,,,
,,,,,,,,,,,,,,,,,,,,
The majority of the time, it is simply a matter of having a bit of glycogen left in the system. I would recommend a similar glycogen depletion workout like Monday and Tuesday's workout. Even if it is body fat, it makes sense to add in a rough max-calorie burning session.,,,,,,,,,,,,,,,,,,
5/15/2019,Snack (1),120.7,3,1,0,0,0,0,390,0,9.1,3.4,0,11.1,40,297.1,2.3,12.3,Previous Weight Low: 180.4.,
If Weight Less than PL:,,,,,,,,,,,,,,,,,,,,
__X_ Steady State Zone 2 Cardio,,,,,,,,,,,,,,,,,,,,
If Weight > PL:,,,,,,,,,,,,,,,,,,,,
 ____Tempo Intervals,,,,,,,,,,,,,,,,,,,,
,,,,,,,,,,,,,,,,,,,,
Your goal is to beat that weekly low the following week. Typically this new weekly low will be on Thursday or Friday. The goal is to equal or get close to equal of your previous weekly low by Wednesday.,,,,,,,,,,,,,,,,,,,,
,,,,,,,,,,,,,,,,,,,,
By Wednesday, your body should be depleted of glycogen due to Monday and Tuesday's calorie burning cardio sessions. If Wednesday's weight is substantially more than the previous week's weekly low, then a few things could be happening:,,,,,,,,,,,,,,,,,,
___ Monday and Tuesday's workouts didn't deplete all the muscle glycogen.,,,,,,,,,,,,,,,,,,,,
___ You have possibly gained a bit of body fat.,,,,,,,,,,,,,,,,,,,,
___ You may have gained a bit of muscle.,,,,,,,,,,,,,,,,,,,,
,,,,,,,,,,,,,,,,,,,,
The majority of the time, it is simply a matter of having a bit of glycogen left in the system. I would recommend a similar glycogen depletion workout like Monday and Tuesday's workout. Even if it is body fat, it makes sense to add in a rough max-calorie burning session.,,,,,,,,,,,,,,,,,,
5/15/2019,Dinner,904,45,1,0,0,0,174,1104,0,88,9,3,57.4,6,38,4,10,Previous Weight Low: 180.4.,
If Weight Less than PL:,,,,,,,,,,,,,,,,,,,,
__X_ Steady State Zone 2 Cardio,,,,,,,,,,,,,,,,,,,,
If Weight > PL:,,,,,,,,,,,,,,,,,,,,
 ____Tempo Intervals,,,,,,,,,,,,,,,,,,,,
,,,,,,,,,,,,,,,,,,,,
Your goal is to beat that weekly low the following week. Typically this new weekly low will be on Thursday or Friday. The goal is to equal or get close to equal of your previous weekly low by Wednesday.,,,,,,,,,,,,,,,,,,,,
,,,,,,,,,,,,,,,,,,,,
By Wednesday, your body should be depleted of glycogen due to Monday and Tuesday's calorie burning cardio sessions. If Wednesday's weight is substantially more than the previous week's weekly low, then a few things could be happening:,,,,,,,,,,,,,,,,,,
___ Monday and Tuesday's workouts didn't deplete all the muscle glycogen.,,,,,,,,,,,,,,,,,,,,
___ You have possibly gained a bit of body fat.,,,,,,,,,,,,,,,,,,,,
___ You may have gained a bit of muscle.,,,,,,,,,,,,,,,,,,,,
,,,,,,,,,,,,,,,,,,,,
The majority of the time, it is simply a matter of having a bit of glycogen left in the system. I would recommend a similar glycogen depletion workout like Monday and Tuesday's workout. Even if it is body fat, it makes sense to add in a rough max-calorie burning session.,,,,,,,,,,,,,,,,,,
5/15/2019,Snack (2),200,14,4,0,0,0,0,10,0,13,1,7,5,0,0,2,2,Previous Weight Low: 180.4.,
If Weight Less than PL:,,,,,,,,,,,,,,,,,,,,
__X_ Steady State Zone 2 Cardio,,,,,,,,,,,,,,,,,,,,
If Weight > PL:,,,,,,,,,,,,,,,,,,,,
 ____Tempo Intervals,,,,,,,,,,,,,,,,,,,,
,,,,,,,,,,,,,,,,,,,,
Your goal is to beat that weekly low the following week. Typically this new weekly low will be on Thursday or Friday. The goal is to equal or get close to equal of your previous weekly low by Wednesday.,,,,,,,,,,,,,,,,,,,,
,,,,,,,,,,,,,,,,,,,,
By Wednesday, your body should be depleted of glycogen due to Monday and Tuesday's calorie burning cardio sessions. If Wednesday's weight is substantially more than the previous week's weekly low, then a few things could be happening:,,,,,,,,,,,,,,,,,,
___ Monday and Tuesday's workouts didn't deplete all the muscle glycogen.,,,,,,,,,,,,,,,,,,,,
___ You have possibly gained a bit of body fat.,,,,,,,,,,,,,,,,,,,,
___ You may have gained a bit of muscle.,,,,,,,,,,,,,,,,,,,,
,,,,,,,,,,,,,,,,,,,,
The majority of the time, it is simply a matter of having a bit of glycogen left in the system. I would recommend a similar glycogen depletion workout like Monday and Tuesday's workout. Even if it is body fat, it makes sense to add in a rough max-calorie burning session.,,,,,,,,,,,,,,,,,,
5/16/2019,Preworkout/Workout,107.5,0.9,0.2,0.3,0.3,0,0,180,20,24.1,1.2,16.3,1.5,0,15,2,3,,
5/16/2019,Breakfast,304.4,11.6,4,0,0,0,50,538.7,668.4,24.6,15.7,1.6,38.9,140.7,8.4,46.7,4.8,,
5/16/2019,Lunch,318.9,15.8,4.9,1,1.8,0,256,592.9,144,7.4,0.9,1.1,37.7,231,220.7,52.7,114.6,,
5/16/2019,Snack (1),85.1,1.4,0.9,0.1,0.4,0,12.8,315.7,31.1,2,0,0.4,15,4.9,0,36.9,0.3,,
5/16/2019,Dinner,420,12.5,8,0,0,0,25,495,197.5,39,1,22,39,14,0,64,8.5,,
5/16/2019,Snack (2),5.5,0,0,0,0,0,1,1,3.3,0,0,0.1,1.3,0,0,3.1,0.1,,
5/17/2019,Preworkout/Workout,80,9,2,4,2,0,30,0,0,0,0,0,0,0,0,0,0,,
5/17/2019,Breakfast,195,7,1.5,0,0,0,5,205,130,23,16,1,20,0,0,10,4,,
5/17/2019,Lunch,242.2,7.9,3.7,0.1,0.5,0,35,435.1,0,6.4,2,6.2,37.5,260,225,24,112,,
5/17/2019,Snack (1),508.7,17.8,5.3,0.2,1.1,0,94.4,763.9,469.9,31.9,6.7,16.4,56.2,51.3,105.3,100.7,28.8,,
5/17/2019,Dinner,81.9,4.8,0.7,0,2.4,0,26.5,21.1,0,0.1,0,0,9.5,0,1,0.7,1.7,,
5/17/2019,Snack (2),280,11,6.5,0,0,0,10,110,100,32,1,12,13,0,0,15,6,,
5/18/2019,Preworkout/Workout,150,2,0.5,0,0,0,50,75,120,8,0,5,25,2,0,10,1,20 mins low intensity cardio after lifting.,
Another couple of days perhaps 30-40 mins (only if you have good recovery). ,,,,,,,,,,,,,,,,,,,,
More isn't better unless you want to overtrain, lose LBM, and slow down fat loss results. (p44),,,,,,,,,,,,,,,,,,
,,,,,,,,,,,,,,,,,,,,
Free Meal:,,,,,,,,,,,,,,,,,,,,
- Single Meal that breaks your diet. A normal meal where you're not supremely obsessed wit hthe content (p68),,,,,,,,,,,,,,,,,,,,
,,,,,,,,,,,,,,,,,,,,
Refeed:,,,,,,,,,,,,,,,,,,,,
5 hour refeed once per week. 1.5 - 3 g of carb per LBM,,,,,,,,,,,,,,,,,,,,
177g to 354g of carbs in 5 hours ( 575 - 1400 calories).,,,,,,,,,,,,,,,,,,,,
If you're weight training, hit the 3 grams per LBM pound for refeed.,,,,,,,,,,,,,,,,,,,
*** A 5 - 10 pound gain is not uncommon.,,,,,,,,,,,,,,,,,,,,
,,,,,,,,,,,,,,,,,,,,
Putting it all together: (p72),,,,,,,,,,,,,,,,,,,,
Full Diet Break: 2-6 weeks,,,,,,,,,,,,,,,,,,,,
Free Meals: 1 per week,,,,,,,,,,,,,,,,,,,,
Refeed: 5 hours once/week,,,,,,,,,,,,,,,,,,,,
5/18/2019,Breakfast,794.8,35,16.5,3,3,12,75,1203,414,91,8,14,31,15,46,50,32,20 mins low intensity cardio after lifting.,
Another couple of days perhaps 30-40 mins (only if you have good recovery). ,,,,,,,,,,,,,,,,,,,,
More isn't better unless you want to overtrain, lose LBM, and slow down fat loss results. (p44),,,,,,,,,,,,,,,,,,
,,,,,,,,,,,,,,,,,,,,
Free Meal:,,,,,,,,,,,,,,,,,,,,
- Single Meal that breaks your diet. A normal meal where you're not supremely obsessed wit hthe content (p68),,,,,,,,,,,,,,,,,,,,
,,,,,,,,,,,,,,,,,,,,
Refeed:,,,,,,,,,,,,,,,,,,,,
5 hour refeed once per week. 1.5 - 3 g of carb per LBM,,,,,,,,,,,,,,,,,,,,
177g to 354g of carbs in 5 hours ( 575 - 1400 calories).,,,,,,,,,,,,,,,,,,,,
If you're weight training, hit the 3 grams per LBM pound for refeed.,,,,,,,,,,,,,,,,,,,
*** A 5 - 10 pound gain is not uncommon.,,,,,,,,,,,,,,,,,,,,
,,,,,,,,,,,,,,,,,,,,
Putting it all together: (p72),,,,,,,,,,,,,,,,,,,,
Full Diet Break: 2-6 weeks,,,,,,,,,,,,,,,,,,,,
Free Meals: 1 per week,,,,,,,,,,,,,,,,,,,,
Refeed: 5 hours once/week,,,,,,,,,,,,,,,,,,,,
5/18/2019,Lunch,599,24.7,17,0,0,0,0,659,235,92,27,63.6,6.4,372,3,82.5,2,20 mins low intensity cardio after lifting.,
Another couple of days perhaps 30-40 mins (only if you have good recovery). ,,,,,,,,,,,,,,,,,,,,
More isn't better unless you want to overtrain, lose LBM, and slow down fat loss results. (p44),,,,,,,,,,,,,,,,,,
,,,,,,,,,,,,,,,,,,,,
Free Meal:,,,,,,,,,,,,,,,,,,,,
- Single Meal that breaks your diet. A normal meal where you're not supremely obsessed wit hthe content (p68),,,,,,,,,,,,,,,,,,,,
,,,,,,,,,,,,,,,,,,,,
Refeed:,,,,,,,,,,,,,,,,,,,,
5 hour refeed once per week. 1.5 - 3 g of carb per LBM,,,,,,,,,,,,,,,,,,,,
177g to 354g of carbs in 5 hours ( 575 - 1400 calories).,,,,,,,,,,,,,,,,,,,,
If you're weight training, hit the 3 grams per LBM pound for refeed.,,,,,,,,,,,,,,,,,,,
*** A 5 - 10 pound gain is not uncommon.,,,,,,,,,,,,,,,,,,,,
,,,,,,,,,,,,,,,,,,,,
Putting it all together: (p72),,,,,,,,,,,,,,,,,,,,
Full Diet Break: 2-6 weeks,,,,,,,,,,,,,,,,,,,,
Free Meals: 1 per week,,,,,,,,,,,,,,,,,,,,
Refeed: 5 hours once/week,,,,,,,,,,,,,,,,,,,,
5/18/2019,Snack (1),545,11.8,3.6,0.6,0.1,0,75,1781,955,67,15.4,4.1,37.7,6,11,13,19,20 mins low intensity cardio after lifting.,
Another couple of days perhaps 30-40 mins (only if you have good recovery). ,,,,,,,,,,,,,,,,,,,,
More isn't better unless you want to overtrain, lose LBM, and slow down fat loss results. (p44),,,,,,,,,,,,,,,,,,
,,,,,,,,,,,,,,,,,,,,
Free Meal:,,,,,,,,,,,,,,,,,,,,
- Single Meal that breaks your diet. A normal meal where you're not supremely obsessed wit hthe content (p68),,,,,,,,,,,,,,,,,,,,
,,,,,,,,,,,,,,,,,,,,
Refeed:,,,,,,,,,,,,,,,,,,,,
5 hour refeed once per week. 1.5 - 3 g of carb per LBM,,,,,,,,,,,,,,,,,,,,
177g to 354g of carbs in 5 hours ( 575 - 1400 calories).,,,,,,,,,,,,,,,,,,,,
If you're weight training, hit the 3 grams per LBM pound for refeed.,,,,,,,,,,,,,,,,,,,
*** A 5 - 10 pound gain is not uncommon.,,,,,,,,,,,,,,,,,,,,
,,,,,,,,,,,,,,,,,,,,
Putting it all together: (p72),,,,,,,,,,,,,,,,,,,,
Full Diet Break: 2-6 weeks,,,,,,,,,,,,,,,,,,,,
Free Meals: 1 per week,,,,,,,,,,,,,,,,,,,,
Refeed: 5 hours once/week,,,,,,,,,,,,,,,,,,,,
5/18/2019,Snack (2),400,24,2,5,8,0,0,300,260,36,11,3,14,0,0,14,14,20 mins low intensity cardio after lifting.,
Another couple of days perhaps 30-40 mins (only if you have good recovery). ,,,,,,,,,,,,,,,,,,,,
More isn't better unless you want to overtrain, lose LBM, and slow down fat loss results. (p44),,,,,,,,,,,,,,,,,,
,,,,,,,,,,,,,,,,,,,,
Free Meal:,,,,,,,,,,,,,,,,,,,,
- Single Meal that breaks your diet. A normal meal where you're not supremely obsessed wit hthe content (p68),,,,,,,,,,,,,,,,,,,,
,,,,,,,,,,,,,,,,,,,,
Refeed:,,,,,,,,,,,,,,,,,,,,
5 hour refeed once per week. 1.5 - 3 g of carb per LBM,,,,,,,,,,,,,,,,,,,,
177g to 354g of carbs in 5 hours ( 575 - 1400 calories).,,,,,,,,,,,,,,,,,,,,
If you're weight training, hit the 3 grams per LBM pound for refeed.,,,,,,,,,,,,,,,,,,,
*** A 5 - 10 pound gain is not uncommon.,,,,,,,,,,,,,,,,,,,,
,,,,,,,,,,,,,,,,,,,,
Putting it all together: (p72),,,,,,,,,,,,,,,,,,,,
Full Diet Break: 2-6 weeks,,,,,,,,,,,,,,,,,,,,
Free Meals: 1 per week,,,,,,,,,,,,,,,,,,,,
Refeed: 5 hours once/week,,,,,,,,,,,,,,,,,,,,
5/20/2019,Lunch,220.6,4.6,2,0.7,1.5,0,70.4,123,455.6,12.9,2.1,11.1,30.1,22.9,94.5,5.8,9.4,,
5/20/2019,Snack (1),173.3,3,2,0,0,0,10,1096.7,206.7,4,0.7,3.3,31.3,26.7,13.3,22,12,,
5/20/2019,Dinner,210,9,1.5,0,0,0,10,0,0,20,4,10,14,0,2,0,10,,
5/20/2019,Snack (2),725,35,18.5,0,0,0,48,1165,312,52.5,23,10.5,61.5,52,90,129,26,,
5/21/2019,Preworkout/Workout,172.5,2.1,0.4,0.4,0.3,0,24.3,38.8,247.4,22.7,2.6,13.7,14.7,64,213,5.9,5.5,,
5/21/2019,Breakfast,327,13.4,6.5,0,0,0,29.3,374.5,188.4,30.1,17.2,3.4,36.2,13,0,68.9,6.9,,
5/21/2019,Lunch,229.1,8,3.7,0.1,0.5,0,35,458.8,167.4,4.5,0.7,5.3,37.4,290.7,208.4,53.7,106.8,,
5/21/2019,Snack (1),335.5,10.7,6.7,0.2,1.5,0,59.2,712.9,294.3,15.8,2,8.5,37.8,31.4,94,123.6,11.1,,
5/21/2019,Dinner,410,18,2,9,6,0,180,1350,0,38,7,27,26,0,0,0,0,,
5/21/2019,Snack (2),140,0,0,0,0,0,0,360,310,22,3,18,13,2,15,2,6,,
5/22/2019,Breakfast,292.3,12.4,6.3,0,0,0,5,518,370,33.9,18.5,5,25.3,58.7,362,64,9.1,11am - Breakfast,
_2pm  - Snack1,,,,,,,,,,,,,,,,,,,,
_4pm - Lumch,,,,,,,,,,,,,,,,,,,,
_6pm - Dinner,,,,,,,,,,,,,,,,,,,,
_9pm - Snack2,,,,,,,,,,,,,,,,,,,,
,,,,,,,,,,,,,,,,,,,,
Previous Low Weight: 176.4.,,,,,,,,,,,,,,,,,,,,
If Weight Less than PLW:,,,,,,,,,,,,,,,,,,,,
___* Steady State Zone 2 Cardio,,,,,,,,,,,,,,,,,,,,
If Weight > PLW:,,,,,,,,,,,,,,,,,,,,
_X_*Tempo Intervals,,,,,,,,,,,,,,,,,,,,
,,,,,,,,,,,,,,,,,,,,
Your goal is to beat that weekly low the following week. Typically this new weekly low will be on Thursday or Friday. The goal is to equal or get close to equal of your previous weekly low by Wednesday.,,,,,,,,,,,,,,,,,,,,
,,,,,,,,,,,,,,,,,,,,
By Wednesday, your body should be depleted of glycogen due to Monday and Tuesday's calorie burning cardio sessions. If Wednesday's weight is substantially more than the previous week's weekly low, then a few things could be happening:,,,,,,,,,,,,,,,,,,
___ Monday and Tuesday's workouts didn't deplete all the muscle glycogen.,,,,,,,,,,,,,,,,,,,,
___ You have possibly gained a bit of body fat.,,,,,,,,,,,,,,,,,,,,
___ You may have gained a bit of muscle.,,,,,,,,,,,,,,,,,,,,
,,,,,,,,,,,,,,,,,,,,
The majority of the time, it is simply a matter of having a bit of glycogen left in the system. I would recommend a similar glycogen depletion workout like Monday and Tuesday's workout. Even if it is body fat, it makes sense to add in a rough max-calorie burning session.,,,,,,,,,,,,,,,,,,
5/22/2019,Lunch,304.5,9.4,4.7,0.1,0.5,0,36.4,480.2,167.4,13.6,1,13,37.7,140.7,8.4,34.3,6.8,11am - Breakfast,
_2pm  - Snack1,,,,,,,,,,,,,,,,,,,,
_4pm - Lumch,,,,,,,,,,,,,,,,,,,,
_6pm - Dinner,,,,,,,,,,,,,,,,,,,,
_9pm - Snack2,,,,,,,,,,,,,,,,,,,,
,,,,,,,,,,,,,,,,,,,,
Previous Low Weight: 176.4.,,,,,,,,,,,,,,,,,,,,
If Weight Less than PLW:,,,,,,,,,,,,,,,,,,,,
___* Steady State Zone 2 Cardio,,,,,,,,,,,,,,,,,,,,
If Weight > PLW:,,,,,,,,,,,,,,,,,,,,
_X_*Tempo Intervals,,,,,,,,,,,,,,,,,,,,
,,,,,,,,,,,,,,,,,,,,
Your goal is to beat that weekly low the following week. Typically this new weekly low will be on Thursday or Friday. The goal is to equal or get close to equal of your previous weekly low by Wednesday.,,,,,,,,,,,,,,,,,,,,
,,,,,,,,,,,,,,,,,,,,
By Wednesday, your body should be depleted of glycogen due to Monday and Tuesday's calorie burning cardio sessions. If Wednesday's weight is substantially more than the previous week's weekly low, then a few things could be happening:,,,,,,,,,,,,,,,,,,
___ Monday and Tuesday's workouts didn't deplete all the muscle glycogen.,,,,,,,,,,,,,,,,,,,,
___ You have possibly gained a bit of body fat.,,,,,,,,,,,,,,,,,,,,
___ You may have gained a bit of muscle.,,,,,,,,,,,,,,,,,,,,
,,,,,,,,,,,,,,,,,,,,
The majority of the time, it is simply a matter of having a bit of glycogen left in the system. I would recommend a similar glycogen depletion workout like Monday and Tuesday's workout. Even if it is body fat, it makes sense to add in a rough max-calorie burning session.,,,,,,,,,,,,,,,,,,
5/22/2019,Snack (1),128.3,1.5,1,0,0,0,5,556.7,376.7,9,2.7,5.3,18.3,46.7,103.3,20,18,11am - Breakfast,
_2pm  - Snack1,,,,,,,,,,,,,,,,,,,,
_4pm - Lumch,,,,,,,,,,,,,,,,,,,,
_6pm - Dinner,,,,,,,,,,,,,,,,,,,,
_9pm - Snack2,,,,,,,,,,,,,,,,,,,,
,,,,,,,,,,,,,,,,,,,,
Previous Low Weight: 176.4.,,,,,,,,,,,,,,,,,,,,
If Weight Less than PLW:,,,,,,,,,,,,,,,,,,,,
___* Steady State Zone 2 Cardio,,,,,,,,,,,,,,,,,,,,
If Weight > PLW:,,,,,,,,,,,,,,,,,,,,
_X_*Tempo Intervals,,,,,,,,,,,,,,,,,,,,
,,,,,,,,,,,,,,,,,,,,
Your goal is to beat that weekly low the following week. Typically this new weekly low will be on Thursday or Friday. The goal is to equal or get close to equal of your previous weekly low by Wednesday.,,,,,,,,,,,,,,,,,,,,
,,,,,,,,,,,,,,,,,,,,
By Wednesday, your body should be depleted of glycogen due to Monday and Tuesday's calorie burning cardio sessions. If Wednesday's weight is substantially more than the previous week's weekly low, then a few things could be happening:,,,,,,,,,,,,,,,,,,
___ Monday and Tuesday's workouts didn't deplete all the muscle glycogen.,,,,,,,,,,,,,,,,,,,,
___ You have possibly gained a bit of body fat.,,,,,,,,,,,,,,,,,,,,
___ You may have gained a bit of muscle.,,,,,,,,,,,,,,,,,,,,
,,,,,,,,,,,,,,,,,,,,
The majority of the time, it is simply a matter of having a bit of glycogen left in the system. I would recommend a similar glycogen depletion workout like Monday and Tuesday's workout. Even if it is body fat, it makes sense to add in a rough max-calorie burning session.,,,,,,,,,,,,,,,,,,
5/22/2019,Dinner,660,9,1.5,0,0,0,10,0.6,0,20,4,10,14,0,2,0,10,11am - Breakfast,
_2pm  - Snack1,,,,,,,,,,,,,,,,,,,,
_4pm - Lumch,,,,,,,,,,,,,,,,,,,,
_6pm - Dinner,,,,,,,,,,,,,,,,,,,,
_9pm - Snack2,,,,,,,,,,,,,,,,,,,,
,,,,,,,,,,,,,,,,,,,,
Previous Low Weight: 176.4.,,,,,,,,,,,,,,,,,,,,
If Weight Less than PLW:,,,,,,,,,,,,,,,,,,,,
___* Steady State Zone 2 Cardio,,,,,,,,,,,,,,,,,,,,
If Weight > PLW:,,,,,,,,,,,,,,,,,,,,
_X_*Tempo Intervals,,,,,,,,,,,,,,,,,,,,
,,,,,,,,,,,,,,,,,,,,
Your goal is to beat that weekly low the following week. Typically this new weekly low will be on Thursday or Friday. The goal is to equal or get close to equal of your previous weekly low by Wednesday.,,,,,,,,,,,,,,,,,,,,
,,,,,,,,,,,,,,,,,,,,
By Wednesday, your body should be depleted of glycogen due to Monday and Tuesday's calorie burning cardio sessions. If Wednesday's weight is substantially more than the previous week's weekly low, then a few things could be happening:,,,,,,,,,,,,,,,,,,
___ Monday and Tuesday's workouts didn't deplete all the muscle glycogen.,,,,,,,,,,,,,,,,,,,,
___ You have possibly gained a bit of body fat.,,,,,,,,,,,,,,,,,,,,
___ You may have gained a bit of muscle.,,,,,,,,,,,,,,,,,,,,
,,,,,,,,,,,,,,,,,,,,
The majority of the time, it is simply a matter of having a bit of glycogen left in the system. I would recommend a similar glycogen depletion workout like Monday and Tuesday's workout. Even if it is body fat, it makes sense to add in a rough max-calorie burning session.,,,,,,,,,,,,,,,,,,
5/22/2019,Snack (2),1410,54,27.5,0,0,0,105,6951,0,188,13,38,47,0,0,0,2,11am - Breakfast,
_2pm  - Snack1,,,,,,,,,,,,,,,,,,,,
_4pm - Lumch,,,,,,,,,,,,,,,,,,,,
_6pm - Dinner,,,,,,,,,,,,,,,,,,,,
_9pm - Snack2,,,,,,,,,,,,,,,,,,,,
,,,,,,,,,,,,,,,,,,,,
Previous Low Weight: 176.4.,,,,,,,,,,,,,,,,,,,,
If Weight Less than PLW:,,,,,,,,,,,,,,,,,,,,
___* Steady State Zone 2 Cardio,,,,,,,,,,,,,,,,,,,,
If Weight > PLW:,,,,,,,,,,,,,,,,,,,,
_X_*Tempo Intervals,,,,,,,,,,,,,,,,,,,,
,,,,,,,,,,,,,,,,,,,,
Your goal is to beat that weekly low the following week. Typically this new weekly low will be on Thursday or Friday. The goal is to equal or get close to equal of your previous weekly low by Wednesday.,,,,,,,,,,,,,,,,,,,,
,,,,,,,,,,,,,,,,,,,,
By Wednesday, your body should be depleted of glycogen due to Monday and Tuesday's calorie burning cardio sessions. If Wednesday's weight is substantially more than the previous week's weekly low, then a few things could be happening:,,,,,,,,,,,,,,,,,,
___ Monday and Tuesday's workouts didn't deplete all the muscle glycogen.,,,,,,,,,,,,,,,,,,,,
___ You have possibly gained a bit of body fat.,,,,,,,,,,,,,,,,,,,,
___ You may have gained a bit of muscle.,,,,,,,,,,,,,,,,,,,,
,,,,,,,,,,,,,,,,,,,,
The majority of the time, it is simply a matter of having a bit of glycogen left in the system. I would recommend a similar glycogen depletion workout like Monday and Tuesday's workout. Even if it is body fat, it makes sense to add in a rough max-calorie burning session.,,,,,,,,,,,,,,,,,,
5/23/2019,Preworkout/Workout,140.5,1.9,0.4,0.3,0.3,0,24.3,36.5,58.4,18,1.2,8.7,13.7,1,0,4.9,3.5,,
5/23/2019,Breakfast,18,0,0,0,0,0,0,101,76,3.9,0.3,0,4,1,2,1,1,,
5/23/2019,Lunch,297.4,9.5,5.2,0.2,0.5,0,41.4,428.9,334.8,15.7,1.6,14.2,39.5,285.4,18.9,60,7.6,,
5/23/2019,Snack (1),116,5,3,0,0,0,20,202,152,3.8,0.6,0,14,10,4,42,2,,
5/23/2019,Dinner,560,18,2.5,2.5,12,0,105,90,0,60,11,8,39,0,0,0,0,,
5/23/2019,Snack (2),110,0,0,0,0,0,20,20,65,0,0,0,26,0,0,62,1,,
5/24/2019,Lunch,392.3,17.5,6.3,1.1,2.2,0,91.7,836.6,598.9,27.1,3.5,13.5,34.2,286.5,67.8,81.2,17.4,,
5/24/2019,Snack (1),120,9,5,0,0,0,20,270,0,0,0,0,10,8,0,30,0,,
5/24/2019,Snack (2),700,34.5,18.5,0,0,0,95,375,100,47,0,30,42,16,8,21,4,,
5/27/2019,Breakfast,650,38.2,16.2,2,6.6,0,372.9,1583.6,1403.6,46.9,5.2,26.6,34.7,280.4,27.9,123.7,23.3,This weeks goal:,
*  1550*7 calories for the week...,,,,,,,,,,,,,,,,,,,,
* 6 days cardio, 2 days strength,,,,,,,,,,,,,,,,,,,
,,,,,,,,,,,,,,,,,,,,
See what happens....,,,,,,,,,,,,,,,,,,,,
5/27/2019,Snack (1),51.1,3.1,1.1,0,0,0,3.8,50,0,4.5,0.4,0.3,2.2,1,0,5,0,This weeks goal:,
*  1550*7 calories for the week...,,,,,,,,,,,,,,,,,,,,
* 6 days cardio, 2 days strength,,,,,,,,,,,,,,,,,,,
,,,,,,,,,,,,,,,,,,,,
See what happens....,,,,,,,,,,,,,,,,,,,,
5/27/2019,Dinner,465,11,1.5,0,0,0,55,430,0,35,5,15,41,0,0,0,0,This weeks goal:,
*  1550*7 calories for the week...,,,,,,,,,,,,,,,,,,,,
* 6 days cardio, 2 days strength,,,,,,,,,,,,,,,,,,,
,,,,,,,,,,,,,,,,,,,,
See what happens....,,,,,,,,,,,,,,,,,,,,
5/27/2019,Snack (2),376.4,13.9,8.2,1.4,2.6,0.2,66.4,914.6,131.6,30.7,0.8,24.4,30.7,13.7,2.6,22.1,3.5,This weeks goal:,
*  1550*7 calories for the week...,,,,,,,,,,,,,,,,,,,,
* 6 days cardio, 2 days strength,,,,,,,,,,,,,,,,,,,
,,,,,,,,,,,,,,,,,,,,
See what happens....,,,,,,,,,,,,,,,,,,,,
5/28/2019,Breakfast,301.5,10.2,4.8,0,0,0,5,278,105,42.7,15.7,22,21,7,202,41.5,3.4,This weeks goal:,
* 1550*7 calories for the week...,,,,,,,,,,,,,,,,,,,,
* 6 days cardio, 2 days strength,,,,,,,,,,,,,,,,,,,
,,,,,,,,,,,,,,,,,,,,
End of Monday:  +8 calories For Day,,,,,,,,,,,,,,,,,,,,
End of Tuesday: + 211 Calories For Day,,,,,,,,,,,,,,,,,,,,
5/28/2019,Lunch,361.1,13.2,4.7,0.1,0.5,0,41.4,930,432,22.6,2.7,17.8,39.8,122.4,40.3,13.8,19.8,This weeks goal:,
* 1550*7 calories for the week...,,,,,,,,,,,,,,,,,,,,
* 6 days cardio, 2 days strength,,,,,,,,,,,,,,,,,,,
,,,,,,,,,,,,,,,,,,,,
End of Monday:  +8 calories For Day,,,,,,,,,,,,,,,,,,,,
End of Tuesday: + 211 Calories For Day,,,,,,,,,,,,,,,,,,,,
5/28/2019,Snack (1),282,6.3,3.4,0.1,0.4,0,38.4,540.3,359.6,33.8,2.2,26.5,19.7,23.4,17.5,35.8,7.8,This weeks goal:,
* 1550*7 calories for the week...,,,,,,,,,,,,,,,,,,,,
* 6 days cardio, 2 days strength,,,,,,,,,,,,,,,,,,,
,,,,,,,,,,,,,,,,,,,,
End of Monday:  +8 calories For Day,,,,,,,,,,,,,,,,,,,,
End of Tuesday: + 211 Calories For Day,,,,,,,,,,,,,,,,,,,,
5/28/2019,Dinner,430,26,3.5,7,33,0,55,560,0,18,5,6,38,0,0,0,0,This weeks goal:,
* 1550*7 calories for the week...,,,,,,,,,,,,,,,,,,,,
* 6 days cardio, 2 days strength,,,,,,,,,,,,,,,,,,,
,,,,,,,,,,,,,,,,,,,,
End of Monday:  +8 calories For Day,,,,,,,,,,,,,,,,,,,,
End of Tuesday: + 211 Calories For Day,,,,,,,,,,,,,,,,,,,,
5/28/2019,Snack (2),175,8.5,4,0,0,0,33,387.5,0,12,5,3,11.5,0,0,10,14.5,This weeks goal:,
* 1550*7 calories for the week...,,,,,,,,,,,,,,,,,,,,
* 6 days cardio, 2 days strength,,,,,,,,,,,,,,,,,,,
,,,,,,,,,,,,,,,,,,,,
End of Monday:  +8 calories For Day,,,,,,,,,,,,,,,,,,,,
End of Tuesday: + 211 Calories For Day,,,,,,,,,,,,,,,,,,,,
5/29/2019,Breakfast,235,11.5,6,0,0,0,5,250,105,23,16,2,21,10,2,55,4,This weeks goal:,
* 1550*7 calories for the week...,,,,,,,,,,,,,,,,,,,,
* 6 days cardio, 2 days strength,,,,,,,,,,,,,,,,,,,
,,,,,,,,,,,,,,,,,,,,
End of Monday: -8 calories for day,,,,,,,,,,,,,,,,,,,,
End of Tuesday: -5 Calories for day,,,,,,,,,,,,,,,,,,,,
End of Wednesday: -123 Calories day,,,,,,,,,,,,,,,,,,,,
,,,,,,,,,,,,,,,,,,,,
,,,,,,,,,,,,,,,,,,,,
Previous Low Weight Low: 176.2.,,,,,,,,,,,,,,,,,,,,
If Weight Less than PLW:,,,,,,,,,,,,,,,,,,,,
- Steady State Zone 2 Cardio,,,,,,,,,,,,,,,,,,,,
If Weight > PL :,,,,,,,,,,,,,,,,,,,,
#NAME?,,,,,,,,,,,,,,,,,,,,
,,,,,,,,,,,,,,,,,,,,
Your goal is to beat that weekly low the following week. Typically this new weekly low will be on Thursday or Friday. The goal is to equal or get close to equal of your previous weekly low by Wednesday.,,,,,,,,,,,,,,,,,,,,
,,,,,,,,,,,,,,,,,,,,
By Wednesday, your body should be depleted of glycogen due to Monday and Tuesday's calorie burning cardio sessions. If Wednesday's weight is substantially more than the previous week's weekly low, then a few things could be happening:,,,,,,,,,,,,,,,,,,
___ Monday and Tuesday's workouts didn't deplete all the muscle glycogen.,,,,,,,,,,,,,,,,,,,,
___ You have possibly gained a bit of body fat.,,,,,,,,,,,,,,,,,,,,
___ You may have gained a bit of muscle.,,,,,,,,,,,,,,,,,,,,
,,,,,,,,,,,,,,,,,,,,
The majority of the time, it is simply a matter of having a bit of glycogen left in the system. I would recommend a similar glycogen depletion workout like Monday and Tuesday's workout. Even if it is body fat, it makes sense to add in a rough max-calorie burning session.,,,,,,,,,,,,,,,,,,
5/29/2019,Lunch,277.2,5.9,2.7,0.1,0.5,0,30,425.1,740,20.4,3,18.2,38.5,230,160,15,26,This weeks goal:,
* 1550*7 calories for the week...,,,,,,,,,,,,,,,,,,,,
* 6 days cardio, 2 days strength,,,,,,,,,,,,,,,,,,,
,,,,,,,,,,,,,,,,,,,,
End of Monday: -8 calories for day,,,,,,,,,,,,,,,,,,,,
End of Tuesday: -5 Calories for day,,,,,,,,,,,,,,,,,,,,
End of Wednesday: -123 Calories day,,,,,,,,,,,,,,,,,,,,
,,,,,,,,,,,,,,,,,,,,
,,,,,,,,,,,,,,,,,,,,
Previous Low Weight Low: 176.2.,,,,,,,,,,,,,,,,,,,,
If Weight Less than PLW:,,,,,,,,,,,,,,,,,,,,
- Steady State Zone 2 Cardio,,,,,,,,,,,,,,,,,,,,
If Weight > PL :,,,,,,,,,,,,,,,,,,,,
#NAME?,,,,,,,,,,,,,,,,,,,,
,,,,,,,,,,,,,,,,,,,,
Your goal is to beat that weekly low the following week. Typically this new weekly low will be on Thursday or Friday. The goal is to equal or get close to equal of your previous weekly low by Wednesday.,,,,,,,,,,,,,,,,,,,,
,,,,,,,,,,,,,,,,,,,,
By Wednesday, your body should be depleted of glycogen due to Monday and Tuesday's calorie burning cardio sessions. If Wednesday's weight is substantially more than the previous week's weekly low, then a few things could be happening:,,,,,,,,,,,,,,,,,,
___ Monday and Tuesday's workouts didn't deplete all the muscle glycogen.,,,,,,,,,,,,,,,,,,,,
___ You have possibly gained a bit of body fat.,,,,,,,,,,,,,,,,,,,,
___ You may have gained a bit of muscle.,,,,,,,,,,,,,,,,,,,,
,,,,,,,,,,,,,,,,,,,,
The majority of the time, it is simply a matter of having a bit of glycogen left in the system. I would recommend a similar glycogen depletion workout like Monday and Tuesday's workout. Even if it is body fat, it makes sense to add in a rough max-calorie burning session.,,,,,,,,,,,,,,,,,,
5/29/2019,Snack (1),563.9,26.6,14.4,0.1,0.4,0,49.4,746.5,216.5,48.8,16.2,19.5,32.5,15.6,9.9,45,21.6,This weeks goal:,
* 1550*7 calories for the week...,,,,,,,,,,,,,,,,,,,,
* 6 days cardio, 2 days strength,,,,,,,,,,,,,,,,,,,
,,,,,,,,,,,,,,,,,,,,
End of Monday: -8 calories for day,,,,,,,,,,,,,,,,,,,,
End of Tuesday: -5 Calories for day,,,,,,,,,,,,,,,,,,,,
End of Wednesday: -123 Calories day,,,,,,,,,,,,,,,,,,,,
,,,,,,,,,,,,,,,,,,,,
,,,,,,,,,,,,,,,,,,,,
Previous Low Weight Low: 176.2.,,,,,,,,,,,,,,,,,,,,
If Weight Less than PLW:,,,,,,,,,,,,,,,,,,,,
- Steady State Zone 2 Cardio,,,,,,,,,,,,,,,,,,,,
If Weight > PL :,,,,,,,,,,,,,,,,,,,,
#NAME?,,,,,,,,,,,,,,,,,,,,
,,,,,,,,,,,,,,,,,,,,
Your goal is to beat that weekly low the following week. Typically this new weekly low will be on Thursday or Friday. The goal is to equal or get close to equal of your previous weekly low by Wednesday.,,,,,,,,,,,,,,,,,,,,
,,,,,,,,,,,,,,,,,,,,
By Wednesday, your body should be depleted of glycogen due to Monday and Tuesday's calorie burning cardio sessions. If Wednesday's weight is substantially more than the previous week's weekly low, then a few things could be happening:,,,,,,,,,,,,,,,,,,
___ Monday and Tuesday's workouts didn't deplete all the muscle glycogen.,,,,,,,,,,,,,,,,,,,,
___ You have possibly gained a bit of body fat.,,,,,,,,,,,,,,,,,,,,
___ You may have gained a bit of muscle.,,,,,,,,,,,,,,,,,,,,
,,,,,,,,,,,,,,,,,,,,
The majority of the time, it is simply a matter of having a bit of glycogen left in the system. I would recommend a similar glycogen depletion workout like Monday and Tuesday's workout. Even if it is body fat, it makes sense to add in a rough max-calorie burning session.,,,,,,,,,,,,,,,,,,
5/29/2019,Dinner,355,15.5,8,0,0,0,40,345,270,27,2,8,25,32,94,34,14,This weeks goal:,
* 1550*7 calories for the week...,,,,,,,,,,,,,,,,,,,,
* 6 days cardio, 2 days strength,,,,,,,,,,,,,,,,,,,
,,,,,,,,,,,,,,,,,,,,
End of Monday: -8 calories for day,,,,,,,,,,,,,,,,,,,,
End of Tuesday: -5 Calories for day,,,,,,,,,,,,,,,,,,,,
End of Wednesday: -123 Calories day,,,,,,,,,,,,,,,,,,,,
,,,,,,,,,,,,,,,,,,,,
,,,,,,,,,,,,,,,,,,,,
Previous Low Weight Low: 176.2.,,,,,,,,,,,,,,,,,,,,
If Weight Less than PLW:,,,,,,,,,,,,,,,,,,,,
- Steady State Zone 2 Cardio,,,,,,,,,,,,,,,,,,,,
If Weight > PL :,,,,,,,,,,,,,,,,,,,,
#NAME?,,,,,,,,,,,,,,,,,,,,
,,,,,,,,,,,,,,,,,,,,
Your goal is to beat that weekly low the following week. Typically this new weekly low will be on Thursday or Friday. The goal is to equal or get close to equal of your previous weekly low by Wednesday.,,,,,,,,,,,,,,,,,,,,
,,,,,,,,,,,,,,,,,,,,
By Wednesday, your body should be depleted of glycogen due to Monday and Tuesday's calorie burning cardio sessions. If Wednesday's weight is substantially more than the previous week's weekly low, then a few things could be happening:,,,,,,,,,,,,,,,,,,
___ Monday and Tuesday's workouts didn't deplete all the muscle glycogen.,,,,,,,,,,,,,,,,,,,,
___ You have possibly gained a bit of body fat.,,,,,,,,,,,,,,,,,,,,
___ You may have gained a bit of muscle.,,,,,,,,,,,,,,,,,,,,
,,,,,,,,,,,,,,,,,,,,
The majority of the time, it is simply a matter of having a bit of glycogen left in the system. I would recommend a similar glycogen depletion workout like Monday and Tuesday's workout. Even if it is body fat, it makes sense to add in a rough max-calorie burning session.,,,,,,,,,,,,,,,,,,
5/30/2019,Preworkout/Workout,150,5,0.5,2,1,0,0,250,280,8,4,1,20,60,50,15,30,This weeks goal:,
* 1550*7 calories for the week...,,,,,,,,,,,,,,,,,,,,
* 6 days cardio, 2 days strength,,,,,,,,,,,,,,,,,,,
* 10,000 steps a day,,,,,,,,,,,,,,,,,,,
,,,,,,,,,,,,,,,,,,,,
End of Monday: -8 calories for day,,,,,,,,,,,,,,,,,,,,
End of Tuesday: -5 Calories for day,,,,,,,,,,,,,,,,,,,,
End of Wednesday: -123 Calories day,,,,,,,,,,,,,,,,,,,,
End of Thursday: 0 calories for the day,,,,,,,,,,,,,,,,,,,,
5/30/2019,Breakfast,40,0,0,0,0,0,0,20,0,10,0,10,0,0,100,0,0,This weeks goal:,
* 1550*7 calories for the week...,,,,,,,,,,,,,,,,,,,,
* 6 days cardio, 2 days strength,,,,,,,,,,,,,,,,,,,
* 10,000 steps a day,,,,,,,,,,,,,,,,,,,
,,,,,,,,,,,,,,,,,,,,
End of Monday: -8 calories for day,,,,,,,,,,,,,,,,,,,,
End of Tuesday: -5 Calories for day,,,,,,,,,,,,,,,,,,,,
End of Wednesday: -123 Calories day,,,,,,,,,,,,,,,,,,,,
End of Thursday: 0 calories for the day,,,,,,,,,,,,,,,,,,,,
5/30/2019,Lunch,731,44.8,8.5,0,4.5,1.5,28,1317.5,740,64.3,5.4,21,22.3,230,60,15,20,This weeks goal:,
* 1550*7 calories for the week...,,,,,,,,,,,,,,,,,,,,
* 6 days cardio, 2 days strength,,,,,,,,,,,,,,,,,,,
* 10,000 steps a day,,,,,,,,,,,,,,,,,,,
,,,,,,,,,,,,,,,,,,,,
End of Monday: -8 calories for day,,,,,,,,,,,,,,,,,,,,
End of Tuesday: -5 Calories for day,,,,,,,,,,,,,,,,,,,,
End of Wednesday: -123 Calories day,,,,,,,,,,,,,,,,,,,,
End of Thursday: 0 calories for the day,,,,,,,,,,,,,,,,,,,,
5/30/2019,Snack (1),91.4,1.4,1,0,0,0,1.4,21.4,0,9.1,0.3,7.7,0.3,0,0,0.6,0,This weeks goal:,
* 1550*7 calories for the week...,,,,,,,,,,,,,,,,,,,,
* 6 days cardio, 2 days strength,,,,,,,,,,,,,,,,,,,
* 10,000 steps a day,,,,,,,,,,,,,,,,,,,
,,,,,,,,,,,,,,,,,,,,
End of Monday: -8 calories for day,,,,,,,,,,,,,,,,,,,,
End of Tuesday: -5 Calories for day,,,,,,,,,,,,,,,,,,,,
End of Wednesday: -123 Calories day,,,,,,,,,,,,,,,,,,,,
End of Thursday: 0 calories for the day,,,,,,,,,,,,,,,,,,,,
5/30/2019,Dinner,466.4,18.3,7.6,1,0.5,0,45.4,1156.2,168,41.9,3,11,36.6,8,0,55.6,8,This weeks goal:,
* 1550*7 calories for the week...,,,,,,,,,,,,,,,,,,,,
* 6 days cardio, 2 days strength,,,,,,,,,,,,,,,,,,,
* 10,000 steps a day,,,,,,,,,,,,,,,,,,,
,,,,,,,,,,,,,,,,,,,,
End of Monday: -8 calories for day,,,,,,,,,,,,,,,,,,,,
End of Tuesday: -5 Calories for day,,,,,,,,,,,,,,,,,,,,
End of Wednesday: -123 Calories day,,,,,,,,,,,,,,,,,,,,
End of Thursday: 0 calories for the day,,,,,,,,,,,,,,,,,,,,
5/31/2019,Breakfast,315.7,13.2,6.5,0,0,0,5.7,235.7,145,39.1,15.1,6.9,21.1,10,2,20.3,2,This weeks goal:,
* 1550*7 calories for the week...,,,,,,,,,,,,,,,,,,,,
* 6 days cardio, 2 days strength,,,,,,,,,,,,,,,,,,,
* 10,000 steps a day,,,,,,,,,,,,,,,,,,,
,,,,,,,,,,,,,,,,,,,,
End of Monday: -8 calories for day,,,,,,,,,,,,,,,,,,,,
End of Tuesday: -5 Calories for day,,,,,,,,,,,,,,,,,,,,
End of Wednesday: -123 Calories day,,,,,,,,,,,,,,,,,,,,
End of Thursday: 0 calories for the day,,,,,,,,,,,,,,,,,,,,
End of Friday: 0 calories for the day,,,,,,,,,,,,,,,,,,,,
5/31/2019,Lunch,215.1,3,0.8,0.6,1,0,73,145.4,212.9,12.9,2.2,8.3,32.9,22.9,95.6,12.4,9.4,This weeks goal:,
* 1550*7 calories for the week...,,,,,,,,,,,,,,,,,,,,
* 6 days cardio, 2 days strength,,,,,,,,,,,,,,,,,,,
* 10,000 steps a day,,,,,,,,,,,,,,,,,,,
,,,,,,,,,,,,,,,,,,,,
End of Monday: -8 calories for day,,,,,,,,,,,,,,,,,,,,
End of Tuesday: -5 Calories for day,,,,,,,,,,,,,,,,,,,,
End of Wednesday: -123 Calories day,,,,,,,,,,,,,,,,,,,,
End of Thursday: 0 calories for the day,,,,,,,,,,,,,,,,,,,,
End of Friday: 0 calories for the day,,,,,,,,,,,,,,,,,,,,
5/31/2019,Dinner,600,32,3.5,3,22,0,95,640,0,41,7,9,37,0,0,0,0,This weeks goal:,
* 1550*7 calories for the week...,,,,,,,,,,,,,,,,,,,,
* 6 days cardio, 2 days strength,,,,,,,,,,,,,,,,,,,
* 10,000 steps a day,,,,,,,,,,,,,,,,,,,
,,,,,,,,,,,,,,,,,,,,
End of Monday: -8 calories for day,,,,,,,,,,,,,,,,,,,,
End of Tuesday: -5 Calories for day,,,,,,,,,,,,,,,,,,,,
End of Wednesday: -123 Calories day,,,,,,,,,,,,,,,,,,,,
End of Thursday: 0 calories for the day,,,,,,,,,,,,,,,,,,,,
End of Friday: 0 calories for the day,,,,,,,,,,,,,,,,,,,,
5/31/2019,Snack (2),462,17.5,8.5,0,0,0,25,770,560.5,47.2,7.5,23.2,29,22,4,21,9,This weeks goal:,
* 1550*7 calories for the week...,,,,,,,,,,,,,,,,,,,,
* 6 days cardio, 2 days strength,,,,,,,,,,,,,,,,,,,
* 10,000 steps a day,,,,,,,,,,,,,,,,,,,
,,,,,,,,,,,,,,,,,,,,
End of Monday: -8 calories for day,,,,,,,,,,,,,,,,,,,,
End of Tuesday: -5 Calories for day,,,,,,,,,,,,,,,,,,,,
End of Wednesday: -123 Calories day,,,,,,,,,,,,,,,,,,,,
End of Thursday: 0 calories for the day,,,,,,,,,,,,,,,,,,,,
End of Friday: 0 calories for the day,,,,,,,,,,,,,,,,,,,,
6/1/2019,Breakfast,371.1,6.8,1,0.9,0.8,0,50,92.2,264.8,47,4.5,16.4,30.3,2,0,10,1,,
6/1/2019,Lunch,530,22,9.5,0,0,0,40,485,0,63,2,24,21,0,0,180,4,,
6/1/2019,Dinner,1065,56.5,28.8,0,0,0,240,1095,400,89,10,54.5,55,9,4,27,18,,
6/2/2019,Preworkout/Workout,165,3,0.3,1,1,0,25,207.5,107,9,2,2.5,27.5,1,0,51,4.6,,
6/2/2019,Breakfast,967,74,43.3,2.3,6.2,0,494.4,1947.6,7169.2,77.7,13.2,24.4,44,858.4,192,206.6,315.7,,
6/3/2019,Breakfast,40,3,3,0,0,0,0,10,0,1,0,0,5,0,0,2,2,Monday: -124   ,
,,,,,,,,,,,,,,,,,,,,
6/3/2019,Snack (1),950,37,13.5,0,0,0,85,1720,318,118,30,31,52,12,0,85,21,Monday: -124   ,
,,,,,,,,,,,,,,,,,,,,
6/3/2019,Dinner,260,12,2,4,0,0,0,345,290,28,10,3,10,4,4,8,18,Monday: -124   ,
,,,,,,,,,,,,,,,,,,,,
6/3/2019,Snack (2),180,4,3,0,0,0,10,760,0,8,0,8,28,8,0,16,0,Monday: -124   ,
,,,,,,,,,,,,,,,,,,,,
6/4/2019,Breakfast,445.3,21.9,12.4,0,0,0,13,286.3,105,52.3,19.4,26.2,24.3,40,224.9,56.7,5.7,Monday: -124   ,
Tuesday: +185,,,,,,,,,,,,,,,,,,,,
---------------------,,,,,,,,,,,,,,,,,,,,
Surplus: 61,,,,,,,,,,,,,,,,,,,,
6/4/2019,Lunch,228.5,4.3,1.5,0,0,0,32.6,322.5,0,17.5,3.1,6.6,39.2,15.6,31.2,6.6,6,Monday: -124   ,
Tuesday: +185,,,,,,,,,,,,,,,,,,,,
---------------------,,,,,,,,,,,,,,,,,,,,
Surplus: 61,,,,,,,,,,,,,,,,,,,,
6/4/2019,Snack (1),225,12,3,1.5,0,0,10,610,170,25,6,10,7,20,90,12,14,Monday: -124   ,
Tuesday: +185,,,,,,,,,,,,,,,,,,,,
---------------------,,,,,,,,,,,,,,,,,,,,
Surplus: 61,,,,,,,,,,,,,,,,,,,,
6/4/2019,Dinner,680,29,3.5,1.5,9,0,195,970,0,54,6,15,43,0,0,0,0,Monday: -124   ,
Tuesday: +185,,,,,,,,,,,,,,,,,,,,
---------------------,,,,,,,,,,,,,,,,,,,,
Surplus: 61,,,,,,,,,,,,,,,,,,,,
6/4/2019,Snack (2),160,9.5,4,0,0,0,0,20,0,18,1.5,14,2.5,0,0,2,6,Monday: -124   ,
Tuesday: +185,,,,,,,,,,,,,,,,,,,,
---------------------,,,,,,,,,,,,,,,,,,,,
Surplus: 61,,,,,,,,,,,,,,,,,,,,
6/5/2019,Breakfast,240,11.5,6,0,0,0,5,430,105,24,16,2,21,10,4,55,4,Monday:___ -124   ,
Tuesday:___+185,,,,,,,,,,,,,,,,,,,,
Wednesday:_-150,,,,,,,,,,,,,,,,,,,,
---------------------,,,,,,,,,,,,,,,,,,,,
Balance:  -95,,,,,,,,,,,,,,,,,,,,
,,,,,,,,,,,,,,,,,,,,
https://legionathletics.com/tdee-calculator/,,,,,,,,,,,,,,,,,,,,
BMR: 1572,,,,,,,,,,,,,,,,,,,,
TDEE: 2201,,,,,,,,,,,,,,,,,,,,
75% TDEE: 1650,,,,,,,,,,,,,,,,,,,,
71% TDEE: 1550,,,,,,,,,,,,,,,,,,,,
,,,,,,,,,,,,,,,,,,,,
Very Active Calculations:,,,,,,,,,,,,,,,,,,,,
TDEE: 2500,,,,,,,,,,,,,,,,,,,,
75% TDEE: 1875,,,,,,,,,,,,,,,,,,,,
62% TDEE: 1550,,,,,,,,,,,,,,,,,,,,
,,,,,,,,,,,,,,,,,,,,
,,,,,,,,,,,,,,,,,,,,
6/5/2019,Lunch,229.1,4.3,1.5,0,0,0,32.6,322.5,0,17.7,3.2,6.6,39.2,15.8,31.6,6.6,6,Monday:___ -124   ,
Tuesday:___+185,,,,,,,,,,,,,,,,,,,,
Wednesday:_-150,,,,,,,,,,,,,,,,,,,,
---------------------,,,,,,,,,,,,,,,,,,,,
Balance:  -95,,,,,,,,,,,,,,,,,,,,
,,,,,,,,,,,,,,,,,,,,
https://legionathletics.com/tdee-calculator/,,,,,,,,,,,,,,,,,,,,
BMR: 1572,,,,,,,,,,,,,,,,,,,,
TDEE: 2201,,,,,,,,,,,,,,,,,,,,
75% TDEE: 1650,,,,,,,,,,,,,,,,,,,,
71% TDEE: 1550,,,,,,,,,,,,,,,,,,,,
,,,,,,,,,,,,,,,,,,,,
Very Active Calculations:,,,,,,,,,,,,,,,,,,,,
TDEE: 2500,,,,,,,,,,,,,,,,,,,,
75% TDEE: 1875,,,,,,,,,,,,,,,,,,,,
62% TDEE: 1550,,,,,,,,,,,,,,,,,,,,
,,,,,,,,,,,,,,,,,,,,
,,,,,,,,,,,,,,,,,,,,
6/5/2019,Snack (1),270,6.5,3.5,0,0,0,15,65,170,25,2,21,27,24,90,14,10,Monday:___ -124   ,
Tuesday:___+185,,,,,,,,,,,,,,,,,,,,
Wednesday:_-150,,,,,,,,,,,,,,,,,,,,
---------------------,,,,,,,,,,,,,,,,,,,,
Balance:  -95,,,,,,,,,,,,,,,,,,,,
,,,,,,,,,,,,,,,,,,,,
https://legionathletics.com/tdee-calculator/,,,,,,,,,,,,,,,,,,,,
BMR: 1572,,,,,,,,,,,,,,,,,,,,
TDEE: 2201,,,,,,,,,,,,,,,,,,,,
75% TDEE: 1650,,,,,,,,,,,,,,,,,,,,
71% TDEE: 1550,,,,,,,,,,,,,,,,,,,,
,,,,,,,,,,,,,,,,,,,,
Very Active Calculations:,,,,,,,,,,,,,,,,,,,,
TDEE: 2500,,,,,,,,,,,,,,,,,,,,
75% TDEE: 1875,,,,,,,,,,,,,,,,,,,,
62% TDEE: 1550,,,,,,,,,,,,,,,,,,,,
,,,,,,,,,,,,,,,,,,,,
,,,,,,,,,,,,,,,,,,,,
6/5/2019,Dinner,170,5,2.5,0,0,0,10,95,0,19,0,1,12,0,0,180,0,Monday:___ -124   ,
Tuesday:___+185,,,,,,,,,,,,,,,,,,,,
Wednesday:_-150,,,,,,,,,,,,,,,,,,,,
---------------------,,,,,,,,,,,,,,,,,,,,
Balance:  -95,,,,,,,,,,,,,,,,,,,,
,,,,,,,,,,,,,,,,,,,,
https://legionathletics.com/tdee-calculator/,,,,,,,,,,,,,,,,,,,,
BMR: 1572,,,,,,,,,,,,,,,,,,,,
TDEE: 2201,,,,,,,,,,,,,,,,,,,,
75% TDEE: 1650,,,,,,,,,,,,,,,,,,,,
71% TDEE: 1550,,,,,,,,,,,,,,,,,,,,
,,,,,,,,,,,,,,,,,,,,
Very Active Calculations:,,,,,,,,,,,,,,,,,,,,
TDEE: 2500,,,,,,,,,,,,,,,,,,,,
75% TDEE: 1875,,,,,,,,,,,,,,,,,,,,
62% TDEE: 1550,,,,,,,,,,,,,,,,,,,,
,,,,,,,,,,,,,,,,,,,,
,,,,,,,,,,,,,,,,,,,,
6/5/2019,Snack (2),844.8,24.4,6.2,3.6,5.7,0,15,864.3,286.5,128.4,8.2,92.3,35.7,9,2,36.2,8.7,Monday:___ -124   ,
Tuesday:___+185,,,,,,,,,,,,,,,,,,,,
Wednesday:_-150,,,,,,,,,,,,,,,,,,,,
---------------------,,,,,,,,,,,,,,,,,,,,
Balance:  -95,,,,,,,,,,,,,,,,,,,,
,,,,,,,,,,,,,,,,,,,,
https://legionathletics.com/tdee-calculator/,,,,,,,,,,,,,,,,,,,,
BMR: 1572,,,,,,,,,,,,,,,,,,,,
TDEE: 2201,,,,,,,,,,,,,,,,,,,,
75% TDEE: 1650,,,,,,,,,,,,,,,,,,,,
71% TDEE: 1550,,,,,,,,,,,,,,,,,,,,
,,,,,,,,,,,,,,,,,,,,
Very Active Calculations:,,,,,,,,,,,,,,,,,,,,
TDEE: 2500,,,,,,,,,,,,,,,,,,,,
75% TDEE: 1875,,,,,,,,,,,,,,,,,,,,
62% TDEE: 1550,,,,,,,,,,,,,,,,,,,,
,,,,,,,,,,,,,,,,,,,,
,,,,,,,,,,,,,,,,,,,,
6/6/2019,Breakfast,235,11.5,6,0,0,0,5,225,145,23,15,3,21,10,2,20,2,,
6/6/2019,Lunch,141.7,3.5,0,0,0,0,0,0,300,8.3,1.7,5,19.7,58.3,450,0,3.3,,
6/6/2019,Snack (1),413.8,16,8.5,0,0,0,15,195,65,23.3,8,4.3,45.8,14,0,28,12,,
6/6/2019,Dinner,1150,45,7.5,15,24,0,10,1255,780,133,26,7,40,0,0,204,24,,
6/8/2019,Breakfast,677,20.3,7.6,3.5,1.9,0,50,999.2,377.7,90.9,13.6,31.4,29.1,16.8,67.7,22.9,27.9,,
6/9/2019,Preworkout/Workout,220,13,6,0,0,0,0,55,0,22,1,11,4,0,0,4,15,,
6/9/2019,Breakfast,478.1,30.8,10.4,3.5,11,0,374,951,592,5.3,1.9,0.4,45.3,246.3,2.2,75.5,11.4,,
6/9/2019,Snack (1),167.4,4.1,1.3,0,0,0,5,49.3,231,26.7,9.8,7.4,8.1,2,63.2,13.3,9.1,,
6/9/2019,Dinner,460,26,10,2.5,7,0,230,380,0,19,7,6,31,0,0,0,0,,
6/9/2019,Snack (2),431.9,6.9,4.9,0.1,0.8,0,29.6,882.3,505,48.7,2.3,37.9,45.1,113.5,34.6,76.6,8.2,,
6/10/2019,Breakfast,235,11.5,6,0,0,0,5,225,170,24,16,3,21,10,2,20,6,,
6/10/2019,Lunch,90,2.5,0.8,0,0,0,7.5,185,50,5,0,2,13,2,1,4,1,,
6/10/2019,Snack (1),210.2,3.9,1.9,0.1,0.8,0,39.6,471.4,62.2,1.9,0,0.7,28.9,1.7,0,53.8,2.5,,
6/10/2019,Dinner,673.3,26.5,13.5,0,0,0,120,860,880,58.2,4.8,31.5,46.8,175.7,1182,15,17.7,,
6/10/2019,Snack (2),90,2,1.5,0,0,0,5,380,0,4,0,4,14,4,0,8,0,,
6/11/2019,Breakfast,315,11.5,6,0,0,0,5,255,170,41,16,20,23,10,2,20,6,,
6/11/2019,Lunch,300.1,16.7,6,1,2.2,0,79.1,722.1,264.1,12.3,2.2,3.4,22.8,7.6,50.4,21.4,10,,
6/11/2019,Snack (1),170,6,2.5,0,0,0,10,90,100,17,0,1,12,0,0,15,4,,
6/11/2019,Dinner,201.1,7,0.5,2,4.5,0,0,164,0,33.2,1.7,16.3,3.1,4.1,1.1,1.9,1.9,,
6/11/2019,Snack (2),541.4,28.4,14.5,0,0,0,105,886.3,280,34.3,9.9,14.1,43.3,77,332.2,146.8,7.1,,
6/12/2019,Breakfast,312.2,11.8,6,0,0,0,5,272.5,540,38.3,20.9,5.9,24.1,165,329.1,29.8,19.3,,
6/12/2019,Lunch,335.3,19.5,7.3,3.5,5.2,0.1,102.1,696.3,351.9,10,3,3.3,31.2,28.5,34.1,38.2,2.8,,
6/12/2019,Snack (1),150.2,3.9,1.9,0.1,0.8,0,39.6,621.4,62.2,3.9,0,0.7,24.9,1.7,20,53.8,2.5,,
6/13/2019,Breakfast,235,11.5,6,0,0,0,5,225,170,24,16,3,21,10,2,20,6,,
6/13/2019,Lunch,181.7,3.8,1.5,0,0,0,32.6,322.5,0,1.9,0,1.9,37.6,0,0,6.6,0,,
6/13/2019,Snack (1),280.5,7.3,3.7,0.2,1.5,0,71.2,1038.9,124.3,7,0,1.5,46.2,3.4,32,107.6,4.3,,
6/13/2019,Dinner,476,20,3,9,8,0,0,560,260,64.5,12,28.5,12,4,4,12,16,,
6/13/2019,Snack (2),440,26,16,0,0,0,20,80,0,56,2,52,6,0,0,0,0,,
6/14/2019,Breakfast,235,11.5,6,0,0,0,5,225,170,24,16,3,21,10,2,20,6,,
